<?xml version="1.0" encoding="UTF-8"?>
<project-private xmlns="http://www.netbeans.org/ns/project-private/1">
    <editor-bookmarks xmlns="http://www.netbeans.org/ns/editor-bookmarks/2" lastBookmarkId="0"/>
    <open-files xmlns="http://www.netbeans.org/ns/projectui-open-files/2">
        <group>
            <file>file:/Users/dasten/NetBeansProjects/Lesson16/src/impl/TreeNode.java</file>
            <file>file:/Users/dasten/NetBeansProjects/Lesson16/src/impl/Student.java</file>
            <file>file:/Users/dasten/NetBeansProjects/Lesson16/src/lesson16/Lesson16.java</file>
            <file>file:/Users/dasten/NetBeansProjects/Lesson16/src/impl/BSTSet.java</file>
        </group>
    </open-files>
</project-private>
